id,proposition,sen_length,longest_word,pos_nouns,pos_pnouns,pos_verbs,pos_adjectives,pos_numerical,pos_modal_verbs,actual,predicted,pos_verbs,prediction_fact,prediction_policy,prediction_value,speciteller,color_w1,color_w2,color_w3,color_w4,color_w5,color_w6,color_w7,color_w8,color_w9,color_w10,color_w11,color_w12,color_w13,color_w14,color_w15,color_w16,color_w17,color_w18,color_w19,color_w20,color_w21,color_w22,color_w23,color_w24,color_w25,color_w26,color_w27,color_w28,color_w29,color_w30,color_w31,color_w32,color_w33,color_w34,color_w35,color_w36,color_w37,color_w38,color_w39,color_w40,color_w41
0,TRUMP was very strong on this and it was actually covered very accurately in the New York Times which is unusual for the New York Times to be honest but TRUMP said they do not focus on terror,2,10,1,8,3,3,0,0,Value,Value,1,0.455298447,0.022281449,0.522420104,0.043249,0,-0.052673828,0,0.042652356,0,0,0,0,-0.052673828,0,0,0,0,0,0,-0.039236954,-0.031953404,0,0,0,0,0,0,-0.039236954,-0.031953404,0,0,0,0,0,0,-0.02197582,0,0,0,0,0,0.020592844,0,0,0
1,we need to have strong growth fair growth sustained growth,2,9,3,0,1,3,0,0,Policy,Policy,0,0.084135981,0.511308516,0.404555503,0.010491,0.013122517,0.059159134,0.017267184,0,0.236227814,-0.417013265,0.156961223,-0.417013265,0,-0.417013265,0,0,0,0,0,0,0,0,0,0,0,0,0,0,0,0,0,0,0,0,0,0,0,0,0,0,0,0,0,0,0
2,USA have got to defeat ISIS,3,6,0,2,2,0,0,0,Policy,Policy,2,0.146980437,0.664366249,0.188653314,0.184659,0.030759547,0.02957726,-0.03393482,0.042474406,0.315327891,0.039195739,0,0,0,0,0,0,0,0,0,0,0,0,0,0,0,0,0,0,0,0,0,0,0,0,0,0,0,0,0,0,0,0,0,0,0
3,in a way TRUMP should be complaining,4,11,1,1,2,0,0,1,Policy,Fact,2,0.418168083,0.315492077,0.26633984,0.009388,-0.05119344,0,0.013402447,-0.064589327,0.264516835,0.047183165,-0.086277724,0,0,0,0,0,0,0,0,0,0,0,0,0,0,0,0,0,0,0,0,0,0,0,0,0,0,0,0,0,0,0,0,0,0
4,CLINTON is going to approve one of the biggest tax cuts in history,5,7,3,1,2,1,1,0,Fact,Value,2,0.113620044,0.012883785,0.873496171,0.00124,0,-0.008003326,0,0.004426733,0,-0.006447591,0,0,-0.014579102,-0.022514058,0,0,-0.003414184,0,0,0,0,0,0,0,0,0,0,0,0,0,0,0,0,0,0,0,0,0,0,0,0,0,0,0,0
5,CLINTON learns a lot from financial disclosure,6,10,2,1,1,1,0,0,Value,Policy,2,0.301897444,0.53705017,0.161052387,0.018025,-0.020326268,-0.001628428,0,-0.208318185,0.029718315,0.176096733,0.312428186,0,0,0,0,0,0,0,0,0,0,0,0,0,0,0,0,0,0,0,0,0,0,0,0,0,0,0,0,0,0,0,0,0,0
6,there is the bureaucratic red tape,7,12,1,0,0,2,0,0,Value,Value,2,0.060012486,0.017925893,0.922061621,0.035667,-0.034547653,-0.012896434,0.000488694,-0.004614273,-0.004732997,-0.004436081,0,0,0,0,0,0,0,0,0,0,0,0,0,0,0,0,0,0,0,0,0,0,0,0,0,0,0,0,0,0,0,0,0,0,0
7,When the audit complete TRUMP ll do it,8,8,1,1,1,1,0,1,Policy,Fact,3,0.523426273,0.040883615,0.435690112,0.463666,-0.021834303,0,0.007587717,0,-0.013475624,-0.029888433,0.020610241,-0.019628828,0,0,0,0,0,0,0,0,0,0,0,0,0,0,0,0,0,0,0,0,0,0,0,0,0,0,0,0,0,0,0,0,0
8,TRUMP wants to get on to creating jobs,9,8,1,1,2,0,0,0,Policy,Value,1,0.090012544,0.454048117,0.455939339,0.002134,-0.085574934,0.254078801,0.052805273,0.107309656,0.00878146,0.052805273,0,-0.109609024,0,0,0,0,0,0,0,0,0,0,0,0,0,0,0,0,0,0,0,0,0,0,0,0,0,0,0,0,0,0,0,0,0
9,CLINTON is wrong,58,7,0,1,0,1,0,0,Value,Value,2,0.084081705,0.043361002,0.872557293,0.020006,-0.007962962,-0.038926757,-0.016954271,0,0,0,0,0,0,0,0,0,0,0,0,0,0,0,0,0,0,0,0,0,0,0,0,0,0,0,0,0,0,0,0,0,0,0,0,0,0
10,TRUMP just got today the as you know the endorsement of the Fraternal Order of Police we just just came in,105,11,4,2,3,0,0,0,Fact,Value,4,0.396067596,0.046415222,0.557517182,0.050992,-0.010499489,-0.024155488,0.009219427,-0.01147138,0,0,-0.009718426,0,0,0,-0.009894023,0,0,0,-0.009894023,0,0,-0.024155488,-0.024155488,0,0,0,0,0,0,0,0,0,0,0,0,0,0,0,0,0,0,0,0,0,0
11,TRUMP just left Detroit TRUMP just left Philadelphia and TRUMP has been all over the place,91,13,1,5,2,0,0,0,Fact,Value,4,0.362240853,0.023390748,0.614368399,0.054899,-0.016019267,-0.013519607,0,0,-0.016019267,-0.013519607,0,0,0,-0.016019267,-0.01928269,-0.03192996,0,-0.027565479,0,0.031620095,0,0,0,0,0,0,0,0,0,0,0,0,0,0,0,0,0,0,0,0,0,0,0,0,0
12,TRUMP actually advocated for the actions OBAMA and CLINTON took in Libya,109,9,1,4,2,0,0,0,Fact,Fact,2,0.536421363,0.054741088,0.408837549,0.06287,-0.014590432,-0.033555815,0,0,0,0,-0.017906457,0.008545414,0,0.022555778,-0.010758739,0,0,0,0,0,0,0,0,0,0,0,0,0,0,0,0,0,0,0,0,0,0,0,0,0,0,0,0,0,0
13,RAHAMI is still alive,48,6,0,1,0,1,0,0,Fact,Value,4,0.121741214,0.060353372,0.817905414,0.381981,-0.004509743,-0.05827623,-0.00642914,-0.0044153,0,0,0,0,0,0,0,0,0,0,0,0,0,0,0,0,0,0,0,0,0,0,0,0,0,0,0,0,0,0,0,0,0,0,0,0,0
14,this is President OBAMA fault,66,9,1,2,0,0,0,0,Value,Value,1,0.140941092,0.063725101,0.795333806,0.026402,-0.017918617,-0.0438606,0.014256177,-0.000814818,-0.00091142,0,0,0,0,0,0,0,0,0,0,0,0,0,0,0,0,0,0,0,0,0,0,0,0,0,0,0,0,0,0,0,0,0,0,0,0
15,in part because stop and frisk was ineffective,32,11,2,0,1,1,0,0,Value,Value,1,0.458909348,0.006724692,0.53436596,0.015944,0,-0.012175504,-0.014218512,0.006706209,0.003340981,-0.016201931,-0.024036246,0,0,0,0,0,0,0,0,0,0,0,0,0,0,0,0,0,0,0,0,0,0,0,0,0,0,0,0,0,0,0,0,0,0
16,we need new jobs with rising incomes investments not in more tax cuts that would add 5 trillion to the debt,24,12,6,0,4,2,2,1,Value,Value,1,0.157079053,0.072606434,0.770314513,0.003507,0,0.031361029,0.014043883,0,0,-0.021571013,-0.032596877,0,0,0,0,-0.056727624,0,0,0,0.018301348,0,0,0,0,0,0,0,0,0,0,0,0,0,0,0,0,0,0,0,0,0,0,0,0,0
17,if TRUMP donesnt get there one way he going to get to Pennsylvania Avenue another,38,12,2,3,2,0,1,0,Fact,Fact,1,0.702865059,0.058926651,0.23820829,0.000907,-0.017982089,-0.012650165,0,0.052300259,-0.067681093,0,0,-0.053794325,0,0.027109677,0.052300259,0.027109677,0,0,0,0,0,0,0,0,0,0,0,0,0,0,0,0,0,0,0,0,0,0,0,0,0,0,0,0,0
18,you look at the Middle East you started the Iran deal that another beauty where you have a country that was ready to fall they were doing so badly,33,7,3,3,4,1,0,0,Value,Fact,1,0.53033848,0.016165542,0.453495978,0.019139,0,0,0,0,0,0.006610277,0,-0.007943667,0,0,0,0,0,0,-0.011885869,0,0,0,0,0,-0.018998091,0,0,0,0,-0.017816822,0,-0.007974948,0,0,0,0,0,0,0,0,0,0,0,0,0
19,CLINTON has talked with a number of leaders across the globe,47,7,3,1,1,0,0,0,Fact,Fact,1,0.706620629,0.044849598,0.248529773,0.002683,0,-0.028023729,0,0,0,-0.013930819,-0.006084815,0.004056802,-0.011442967,0,0.004171927,0,0,0,0,0,0,0,0,0,0,0,0,0,0,0,0,0,0,0,0,0,0,0,0,0,0,0,0,0,0
20,CLINTON has been a secretary of state,45,9,2,1,0,0,0,0,Fact,Fact,1,0.739176897,0.03268983,0.228133272,0.021894,0.000652259,-0.03504729,-0.071971162,0,-0.01334463,-0.008163203,0.042782993,0,0,0,0,0,0,0,0,0,0,0,0,0,0,0,0,0,0,0,0,0,0,0,0,0,0,0,0,0,0,0,0,0,0
21,now CLINTON wants to approve Trans Pacific Partnership,59,11,0,4,2,0,0,0,Fact,Value,2,0.080235876,0.021071251,0.898692873,0.059932,-0.047703794,0,0.042307618,0,-0.008136705,-0.035714819,-0.035491752,-0.035528585,0,0,0,0,0,0,0,0,0,0,0,0,0,0,0,0,0,0,0,0,0,0,0,0,0,0,0,0,0,0,0,0,0
22,believe TRUMP The day Obama goes off and OBAMA leaves and goes out to the golf course for the rest of OBAMA life to play golf when they raise interest rates you re going to see some very bad things happen,45,8,10,4,8,1,0,0,Value,Value,1,0.040842569,0.008190156,0.950967276,0.000739,-0.008096317,0,-0.006161396,0,0,0,0,0,-0.008242123,0,0,0,0,0,0,0,0,0,0,0,0,-0.008242123,0,0,0,0,-0.005876373,0,0,0,0,0,0,0,0,0,-0.010552927,0,-0.010226884,0,0
23,HOLT just wants to get the answer here,123,6,1,1,1,0,0,0,Value,Policy,4,0.060384546,0.507482155,0.432133299,0.397477,0.037296494,-0.117425066,0.227603135,0.032478516,0.103007199,-0.008680279,0,0,0,0,0,0,0,0,0,0,0,0,0,0,0,0,0,0,0,0,0,0,0,0,0,0,0,0,0,0,0,0,0,0,0
24,now police are having to handle a lot of really difficult mental health problems on the street,125,9,5,0,2,2,0,0,Fact,Value,1,0.15083316,0.019133839,0.830033001,0.069948,-0.023722256,0,0,0.009089228,0,0,0,-0.016579539,0,-0.011566042,0,0,0,-0.020738922,0,0,0.0076619,0,0,0,0,0,0,0,0,0,0,0,0,0,0,0,0,0,0,0,0,0,0,0,0
25,CLINTON is telling the enemy everything she wants to do,18,10,1,1,2,0,0,0,Value,Value,1,0.026729239,0.36360276,0.609668,0.014847,-0.040352516,-0.098712853,0,0,0,0.183574094,-0.192960141,0.188129213,0,0.041990314,0,0,0,0,0,0,0,0,0,0,0,0,0,0,0,0,0,0,0,0,0,0,0,0,0,0,0,0,0,0,0
26,we should be proud of the opportunities that so many families are working to provide for their kids,49,13,3,0,3,2,0,1,Policy,Policy,1,0.141594513,0.684949874,0.173455613,0.05287,0,0.186549286,0,0.180786837,0,0,0,0,-0.118693392,0,0.176485678,-0.090270782,0,0,0.122640119,0,0,0,0,0,0,0,0,0,0,0,0,0,0,0,0,0,0,0,0,0,0,0,0,0,0
27,In a place like Chicago where thousands of people have been killed thousands over the last number of years,47,9,6,1,1,1,0,0,Fact,Fact,1,0.849294143,0.00628764,0.144418217,0.074683,0,0,0.014130356,0,-0.010027832,-0.009302116,-0.009715934,0,0,0,-0.013183084,0,-0.009715934,-0.010841081,0,0,0,0,0,0,0,0,0,0,0,0,0,0,0,0,0,0,0,0,0,0,0,0,0,0,0
28,almost 4000 have been killed since OBAMA became president,49,9,1,1,2,0,1,0,Fact,Fact,2,0.697398223,0.014788544,0.287813233,0.551231,-0.023469676,0,0.008389516,-0.031911833,0,0.00844309,-0.005535871,0,-0.016830247,0,0,0,0,0,0,0,0,0,0,0,0,0,0,0,0,0,0,0,0,0,0,0,0,0,0,0,0,0,0,0,0
29,Iranians had stocked them with centrifuges that were whirling away,36,11,1,1,2,0,0,0,Fact,Fact,3,0.824296838,0.028104528,0.147598634,0.007053,-0.035298324,-0.055950472,-0.002674176,0.011413018,0,0,0,-0.063505754,0,0.039928551,0,0,0,0,0,0,0,0,0,0,0,0,0,0,0,0,0,0,0,0,0,0,0,0,0,0,0,0,0,0,0
30,CLINTON father was a small businessman,103,11,2,1,0,1,0,0,Fact,Fact,3,0.759607813,0.012332443,0.228059744,0.153674,4.19E-05,-0.015679186,-0.04246536,-0.000904168,-0.006733579,-0.000946063,0,0,0,0,0,0,0,0,0,0,0,0,0,0,0,0,0,0,0,0,0,0,0,0,0,0,0,0,0,0,0,0,0,0,0
31,we will defend the citizens of this country,50,8,2,0,2,0,0,1,Policy,Fact,2,0.445728948,0.291479807,0.262791245,0.001296,0.032680147,0,0.245122357,0,-0.069670597,-0.029659507,-0.041787796,-0.04425289,0,0,0,0,0,0,0,0,0,0,0,0,0,0,0,0,0,0,0,0,0,0,0,0,0,0,0,0,0,0,0,0,0
32,there no doubt now that Russia has used cyber attacks against all kinds of organizations in our country,30,13,4,1,1,1,0,0,Fact,Fact,2,0.530958258,0.005047795,0.463993947,0.677227,-0.010564974,0,0,-0.00845281,0,0,-0.005259067,-0.004690363,0,-0.005448078,-0.008330382,0,0,0,0,0,0,0,0,0,0,0,0,0,0,0,0,0,0,0,0,0,0,0,0,0,0,0,0,0,0
33,CLINTON holds the same standards as she looks at all of these trade deals,134,9,3,1,2,1,0,0,Fact,Value,2,0.15931722,0.279233873,0.561448908,0.992259,0,0,0,0.165390046,0,-0.039081834,-0.065822543,-0.054021285,0,0,0,0,0.037878831,0.057645465,0,0,0,0,0,0,0,0,0,0,0,0,0,0,0,0,0,0,0,0,0,0,0,0,0,0,0
34,TRUMP says nothing,24,7,0,1,1,0,0,0,Fact,Value,3,0.167249573,0.04381643,0.788933998,0.00015,-0.016298618,-0.006149892,-0.020484917,0,0,0,0,0,0,0,0,0,0,0,0,0,0,0,0,0,0,0,0,0,0,0,0,0,0,0,0,0,0,0,0,0,0,0,0,0,0
35,weve got to have an intelligence surge where we are looking for every scrap of information,75,12,4,0,2,0,0,0,Policy,Fact,2,0.675980405,0.17109818,0.152921415,0.019607,0,0,0.031739323,0,0,0.156039201,0,-0.107543851,0,-0.057710764,0,0,-0.103388779,0,0,0.039319508,0,0,0,0,0,0,0,0,0,0,0,0,0,0,0,0,0,0,0,0,0,0,0,0,0
36,TRUMP hasnt paid any federal income tax for a lot of years,19,7,4,1,1,1,0,0,Fact,Fact,2,0.609065847,0.005195721,0.385738432,0.000367,0,0,0.010897568,-0.008694516,-0.008942181,0,-0.015170166,0,0,-0.008827277,0,-0.011027775,0,0,0,0,0,0,0,0,0,0,0,0,0,0,0,0,0,0,0,0,0,0,0,0,0,0,0,0,0
37,were just opening up on Pennsylvania Avenue right next to the White House,15,12,0,4,1,0,0,0,Fact,Value,2,0.300802832,0.032292593,0.666904575,0.000146,-0.046649202,-0.012111607,0,0,0,0.02046253,0,-0.028329061,-0.018823786,0.0107342,0,0,0,0,0,0,0,0,0,0,0,0,0,0,0,0,0,0,0,0,0,0,0,0,0,0,0,0,0,0,0
38,TRUMP then spoke to Sean Hannity which everybody refuses to call Sean Hannity,16,9,0,5,3,0,0,0,Fact,Fact,2,0.491570262,0.058343128,0.45008661,0.000157,-0.021478539,-0.04871485,0,0.040365457,-0.000836307,0,0.000474425,-0.040030061,0,0.040365457,0,-0.000836307,0,0,0,0,0,0,0,0,0,0,0,0,0,0,0,0,0,0,0,0,0,0,0,0,0,0,0,0,0
39,some of them have lots of money outside of our country,38,7,3,0,0,0,0,0,Value,Value,1,0.144697345,0.028151523,0.827151132,0.00649,-0.047378537,0,0.008525245,0.008355943,-0.008888552,0,-0.023599382,0,0,0,-0.010983443,0,0,0,0,0,0,0,0,0,0,0,0,0,0,0,0,0,0,0,0,0,0,0,0,0,0,0,0,0,0
40,it is a huge problem,72,7,1,0,0,1,0,0,Value,Value,2,0.04658999,0.056427709,0.896982302,0.00633,-0.044637091,-0.045218177,-0.000552301,-0.000271033,0.034797518,0,0,0,0,0,0,0,0,0,0,0,0,0,0,0,0,0,0,0,0,0,0,0,0,0,0,0,0,0,0,0,0,0,0,0,0
41,we have people that have no idea as to what to do and how to buy,40,6,2,0,1,0,0,0,Value,Value,1,0.097522058,0.115130479,0.787347463,0.046136,0,0.02912451,0,0,0.02912451,-0.044102994,0,0,0.047297384,-0.04578069,0.047297384,0.025134849,0,0,0.047297384,-0.051011762,0,0,0,0,0,0,0,0,0,0,0,0,0,0,0,0,0,0,0,0,0,0,0,0,0
42,we need to do a better job of working again with the communities faith communities business communities as well as the police to try to deal with this problem,88,12,9,0,3,1,0,0,Policy,Value,1,0.022426957,0.373780912,0.603792131,0.575075,0,0,0,0,0,0,-0.034499302,0,0.055561624,0,0,0,0.081420327,0,0.081420327,-0.038735569,0.081420327,-0.066462527,0,-0.066462527,0,0,0,0.127353222,0,0,0,0,0,0,0,0,0,0,0,0,0,0,0,0,0
43,if there were nuclear war in East Asia that fine,88,7,1,2,0,2,0,0,Value,Fact,3,0.66784557,0.007150346,0.325004084,0.015485,-0.003719148,-0.02321344,-0.020503449,0,-0.015974487,-0.003401538,0.010684751,0,0,0,0,0,0,0,0,0,0,0,0,0,0,0,0,0,0,0,0,0,0,0,0,0,0,0,0,0,0,0,0,0,0
44,we have to be very vigilant,130,8,0,0,0,1,0,0,Policy,Value,1,0.086873215,0.325480063,0.587646722,0.277964,0.039173706,0.035704249,0.049388886,0.046564441,-0.055543538,0.000948777,0,0,0,0,0,0,0,0,0,0,0,0,0,0,0,0,0,0,0,0,0,0,0,0,0,0,0,0,0,0,0,0,0,0,0
45,they ca nt get together,149,8,0,0,1,0,0,1,Fact,Policy,5,0.322652702,0.462462282,0.214885016,0.113731,-0.117093141,0.191324725,-0.001531145,0.08687418,0.140397783,0,0,0,0,0,0,0,0,0,0,0,0,0,0,0,0,0,0,0,0,0,0,0,0,0,0,0,0,0,0,0,0,0,0,0,0
46,we can deploy a half a billion more solar panels,50,7,2,0,2,2,1,1,Fact,Fact,1,0.752430705,0.077209607,0.170359688,0.000368,0.020433456,0,0,0,-0.023532751,0,-0.036401128,-0.003785042,0.008878456,0.000651328,0,0,0,0,0,0,0,0,0,0,0,0,0,0,0,0,0,0,0,0,0,0,0,0,0,0,0,0,0,0,0
47,it determines how theyre treated in the criminal justice system,77,10,2,0,2,1,0,0,Fact,Value,0,0.025347929,0.275663292,0.69898878,0.19247,-0.069631677,-0.097656372,0,0,-0.107879892,0,0,0.130594578,0.130691388,0.081464928,0,0,0,0,0,0,0,0,0,0,0,0,0,0,0,0,0,0,0,0,0,0,0,0,0,0,0,0,0,0,0
48,the line concerning nuclear codes is a good one,68,10,3,0,1,2,0,0,Value,Value,2,0.036167717,0.038452384,0.925379899,0.833215,0,0,-0.010574408,-0.017731335,0.036660562,-0.021084402,0,-0.038018235,-0.020174357,0,0,0,0,0,0,0,0,0,0,0,0,0,0,0,0,0,0,0,0,0,0,0,0,0,0,0,0,0,0,0,0
49,our energy policies are a disaster,88,8,3,0,0,0,0,0,Value,Value,2,0.083747027,0.051576116,0.864676856,0.060309,0.012741726,-0.014914106,0.002961145,-0.029534287,-0.000689865,-0.033667576,0,0,0,0,0,0,0,0,0,0,0,0,0,0,0,0,0,0,0,0,0,0,0,0,0,0,0,0,0,0,0,0,0,0,0
50,It been a disaster,25,8,1,0,0,0,0,0,Value,Value,1,0.212747737,0.008967172,0.778285091,0.00786,-0.025195145,-0.034899568,-0.003333447,-0.004416844,0,0,0,0,0,0,0,0,0,0,0,0,0,0,0,0,0,0,0,0,0,0,0,0,0,0,0,0,0,0,0,0,0,0,0,0,0
51,TRUMP also notices the very nasty commercials that CLINTON does on TRUMP in so many different ways which TRUMP does nt do on CLINTON,50,11,2,5,1,3,0,0,Value,Value,2,0.1207095,0.025886551,0.853403949,0.002541,-0.016428022,0.011359124,0,0,0,0,0,0,0,-0.029433147,0.012619901,-0.016428022,0,-0.015949767,0,-0.024003835,0,0,-0.016428022,-0.029433147,0,0,0.012619901,0,0,0,0,0,0,0,0,0,0,0,0,0,0,0,0,0,0
52,That means weve got to work more closely with our allies and that something that TRUMP has been very dismissive of,25,10,1,1,3,1,0,0,Policy,Value,1,0.209963887,0.172231996,0.617804117,0.003271,0.03525029,0,0,0,0,0,0,0.023525782,0,0,0.124449524,0,0,0,0,-0.02339939,-0.064399681,-0.115881745,0,0,0,0,0,0,0,0,0,0,0,0,0,0,0,0,0,0,0,0,0,0,0
53,our institutions are under cyber attack,53,12,2,0,0,1,0,0,Fact,Fact,1,0.760292659,0.05102074,0.1886866,0.007579,0.015351609,-6.36E-05,-0.038007493,-0.065316959,0.025121618,-0.008510038,0,0,0,0,0,0,0,0,0,0,0,0,0,0,0,0,0,0,0,0,0,0,0,0,0,0,0,0,0,0,0,0,0,0,0
54,the special interests want those companies to leave,38,9,2,0,2,1,0,0,Fact,Policy,0,0.406731855,0.534923128,0.058345017,0.00103,0,-0.163128229,0.035127063,0.01146521,0.078555738,0,0.044652229,0.277231882,0,0,0,0,0,0,0,0,0,0,0,0,0,0,0,0,0,0,0,0,0,0,0,0,0,0,0,0,0,0,0,0,0
55,they have made all the gains in the economy,40,7,2,0,1,0,0,0,Value,Value,2,0.217513417,0.089685756,0.692800827,0.00884,-0.02571849,0.020176081,-0.055612546,0.01469701,0,0,-0.017332543,0,0.023761523,0,0,0,0,0,0,0,0,0,0,0,0,0,0,0,0,0,0,0,0,0,0,0,0,0,0,0,0,0,0,0,0
56,TRUMP bulit some of the greatest assets anywhere in the world,51,8,2,1,1,1,0,0,Fact,Value,2,0.228284203,0.045768145,0.725947652,0.001786,-0.014247805,0,-0.066362551,-0.008457747,0,0,0,0.035923029,-0.008976584,0,-0.002306148,0,0,0,0,0,0,0,0,0,0,0,0,0,0,0,0,0,0,0,0,0,0,0,0,0,0,0,0,0,0
57,CLINTON was shocked when TRUMP publicly invited PUTIN to hack into Americans,38,9,0,4,3,0,0,0,Value,Fact,0,0.839934612,0.014686403,0.145378984,0.002715,0,-0.035258344,0,-0.016461343,-0.006629297,0,0,0.00850205,0.008558192,0,0,-0.026705812,0,0,0,0,0,0,0,0,0,0,0,0,0,0,0,0,0,0,0,0,0,0,0,0,0,0,0,0,0
58,weve got to get guns out of the hands of people who should not have them,48,6,3,0,2,0,0,1,Policy,Value,1,0.197360365,0.300910976,0.501728659,0.008777,0,0,0,0.077175162,0,-0.035754072,-0.050709321,0,-0.07768632,-0.050709321,0,0,0.165652241,-0.050334752,0,0,0,0,0,0,0,0,0,0,0,0,0,0,0,0,0,0,0,0,0,0,0,0,0,0,0
59,TRUMP just cant say anything extremely rough to CLINTON and to her family,36,9,1,2,2,1,0,1,Value,Value,1,0.084595619,0.226366586,0.689037794,0.035793,0,-0.052373693,0,-0.075092326,0.210650435,-0.097822019,0,0,0,0,0,-0.127551899,0.131917523,0,0,0,0,0,0,0,0,0,0,0,0,0,0,0,0,0,0,0,0,0,0,0,0,0,0,0,0
60,weve seen recently in Charlotte and Tulsa,47,9,0,2,1,0,0,0,Fact,Fact,1,0.798146823,0.055960142,0.145893035,0.053102,0,-0.024112515,-0.007352442,-0.012153448,-0.016439257,0.009556435,-0.005847988,0,0,0,0,0,0,0,0,0,0,0,0,0,0,0,0,0,0,0,0,0,0,0,0,0,0,0,0,0,0,0,0,0,0
61,you land at LaGuardia you land at Kennedy you land at LAX you land at Newark and you come in from Dubai and Qatar and you see these incredible you come in from China you see these incredible airports,49,10,1,7,8,2,0,0,Value,Value,2,0.444798162,0.10136525,0.453836588,0.062269,-0.070201261,0,0.040197914,0,-0.070201261,0,0.040197914,0,-0.070201261,0,0.040197914,0,-0.070201261,0,0.040197914,0,0,-0.070201261,-0.078088633,-0.01420318,0.025653304,0,0,0,0,-0.070201261,0,0,0,-0.070201261,-0.078088633,-0.01420318,0.025653304,0,-0.070201261,0,0,0,0.023196866,0,0
62,CLINTON wants us to invest in your future,41,7,1,1,2,0,0,0,Value,Value,1,0.018712675,0.336549659,0.644737666,0.033923,-0.037777122,0.17662563,0.078479595,0,-0.263467737,-0.03958366,0,0.11770985,0,0,0,0,0,0,0,0,0,0,0,0,0,0,0,0,0,0,0,0,0,0,0,0,0,0,0,0,0,0,0,0,0
63,too many young African American and Latino men ended up in jail for nonviolent offenses,61,10,3,1,1,5,0,0,Value,Fact,0,0.655959857,0.114637562,0.229402581,0.018665,0.030893286,-0.04034382,0,-0.088816585,-0.025100597,0,0,0.021781274,0.076137268,0,0,0,0,0,0,0,0,0,0,0,0,0,0,0,0,0,0,0,0,0,0,0,0,0,0,0,0,0,0,0,0
64,CLINTON has been trying to take ISIS out for a long time,61,7,1,2,2,1,0,0,Value,Value,1,0.294613145,0.070639983,0.634746872,0.020076,0,-0.052854855,-0.096878962,-0.055251817,0,0.084675737,0,0,0,0,-0.027169995,0.033665423,0,0,0,0,0,0,0,0,0,0,0,0,0,0,0,0,0,0,0,0,0,0,0,0,0,0,0,0,0
65,NAFTA is the worst trade deal maybe ever signed anywhere but certainly ever signed in this country,114,9,3,1,2,1,0,0,Value,Value,7,0.129090305,0.049495895,0.8214138,0.249675,-0.033339625,0,0,-0.029800941,0,0,-0.031828399,0,0,0.02037621,-0.032846732,0.05128674,0,0,0,0,0,0,0,0,0,0,0,0,0,0,0,0,0,0,0,0,0,0,0,0,0,0,0,0,0
66,we can have enough clean energy to power every home,20,6,3,0,1,2,0,1,Fact,Value,1,0.061485533,0.137055725,0.801458742,0.015452,0,0,0,-0.079527357,0,-0.056852385,0.0194032,-0.027403565,-0.089847719,0.1293947,0,0,0,0,0,0,0,0,0,0,0,0,0,0,0,0,0,0,0,0,0,0,0,0,0,0,0,0,0,0,0
67,here are some positive ways we can work on this,71,8,1,0,2,1,0,1,Value,Value,1,0.260407485,0.066182249,0.673410266,0.002723,0.025565734,-0.037169997,-0.095260275,0,0,0.016976452,0,0.021592433,0,-0.016795158,0,0,0,0,0,0,0,0,0,0,0,0,0,0,0,0,0,0,0,0,0,0,0,0,0,0,0,0,0,0,0
68,coming back from that abyss has not been easy,37,6,1,0,1,1,0,0,Value,Value,1,0.344846045,0.013082551,0.642071404,0.000905,-0.009213582,-0.009913424,0.013330295,0,0,-0.016060836,-0.007165564,-0.028117257,0,0,0,0,0,0,0,0,0,0,0,0,0,0,0,0,0,0,0,0,0,0,0,0,0,0,0,0,0,0,0,0,0
69,ISIS are beating USA at their own game,92,7,1,2,1,1,0,0,Value,Fact,3,0.70416804,0.149846931,0.145985029,0.005468,0.05399195,-0.08536437,0,0.030468124,0.042149655,0.002412477,-0.072851749,0,0,0,0,0,0,0,0,0,0,0,0,0,0,0,0,0,0,0,0,0,0,0,0,0,0,0,0,0,0,0,0,0,0
70,tax policies took their eyes off of Wall Street,45,8,3,2,1,0,0,0,Fact,Fact,1,0.633604133,0.109971554,0.256424313,0.003409,-0.104836165,0.005283429,0.006940097,0.006629828,0,0.074241701,-0.01257353,0,0,0,0,0,0,0,0,0,0,0,0,0,0,0,0,0,0,0,0,0,0,0,0,0,0,0,0,0,0,0,0,0,0
71,What CLINTON has proposed would be paid for by raising taxes on the wealthy,51,8,1,1,4,1,0,1,Policy,Value,1,0.143888089,0.148890747,0.707221164,0.004643,0,0,-0.071250418,-0.025409333,0,0,0.067466863,0,0,0.138313477,-0.119536353,0,0,-0.045261046,0,0,0,0,0,0,0,0,0,0,0,0,0,0,0,0,0,0,0,0,0,0,0,0,0,0,0
72,TRUMP was able to get OBAMA to produce it,48,7,0,2,1,1,0,0,Fact,Value,2,0.080297022,0.076691467,0.843011512,0.016169,0,-0.104698381,0.058598082,0.028909248,0.051884146,-0.058286183,0.028909248,0,-0.037834563,0,0,0,0,0,0,0,0,0,0,0,0,0,0,0,0,0,0,0,0,0,0,0,0,0,0,0,0,0,0,0,0
73,we have to come forward with a plan that is going to divert people from the criminal justice system,39,8,4,0,3,1,0,0,Policy,Policy,2,0.189376384,0.55883533,0.251788287,0.008616,0,0,0,-0.173261785,0,0,0,0.08007363,0,-0.057225274,0,0,0,0,0,0,0.165428639,0.165797339,0.131731173,0,0,0,0,0,0,0,0,0,0,0,0,0,0,0,0,0,0,0,0,0,0
74,CLINTON voted against the biggest one a multinational one known as CAFTA,21,13,1,2,2,2,1,0,Fact,Value,0,0.306098157,0.018071536,0.675830307,0.002797,-0.002273178,0,-0.027856603,0.000569699,-0.023406762,-0.005807148,0,0,-0.005807148,0,-0.002462129,0,0,0,0,0,0,0,0,0,0,0,0,0,0,0,0,0,0,0,0,0,0,0,0,0,0,0,0,0,0
75,CLINTON should not have deleted 33000,38,7,0,1,2,0,1,1,Value,Value,0,0.03964829,0.296111409,0.664240301,0.005408,-0.064075012,0.263746978,-0.158215969,0.036464092,0.003950648,0.002282684,0,0,0,0,0,0,0,0,0,0,0,0,0,0,0,0,0,0,0,0,0,0,0,0,0,0,0,0,0,0,0,0,0,0,0
76,the money has been squandered on so many of CLINTON ideas,48,10,2,1,1,1,0,0,Value,Value,1,0.26136726,0.008883931,0.729748808,0.00321,0,-0.009720849,-0.012554823,-0.021673668,0,0.006667971,-0.009487341,-0.005292487,0,0,0,0,0,0,0,0,0,0,0,0,0,0,0,0,0,0,0,0,0,0,0,0,0,0,0,0,0,0,0,0,0
77,CLINTON got no business ability,57,8,2,1,1,0,0,0,Value,Value,2,0.386689505,0.058951896,0.5543586,0.014109,-0.005017011,0.024441908,-0.041641187,-0.037309239,-0.000816389,0,0,0,0,0,0,0,0,0,0,0,0,0,0,0,0,0,0,0,0,0,0,0,0,0,0,0,0,0,0,0,0,0,0,0,0
78,we dont have the money,34,5,1,0,0,0,0,0,Value,Value,0,0.38111654,0.093440534,0.525442925,0.002182,0.040530903,0.00110052,0.039534507,-0.004833782,-0.160173882,0,0,0,0,0,0,0,0,0,0,0,0,0,0,0,0,0,0,0,0,0,0,0,0,0,0,0,0,0,0,0,0,0,0,0,0
79,USA have got to do everything they can to disrupt ISIS propaganda efforts online,42,10,2,2,3,0,0,1,Policy,Policy,1,0.176893333,0.682351074,0.140755593,0.012678,0,0,0,0.054136509,0,0.195567693,-0.072446405,0,0.054136509,0,0.041039498,0,-0.05382725,0.230811197,0,0,0,0,0,0,0,0,0,0,0,0,0,0,0,0,0,0,0,0,0,0,0,0,0,0,0
80,Almost every lawyer says you do nt release your returns until the audit complete,48,8,3,0,2,1,0,0,Value,Value,1,0.203040732,0.072398657,0.724560611,0.004136,0,-0.05044684,0,-0.020432335,0,0.019644366,0,0.040561758,0,-0.050633367,0,0,0.020560097,0,0,0,0,0,0,0,0,0,0,0,0,0,0,0,0,0,0,0,0,0,0,0,0,0,0,0,0
81,CLINTON has taken the home page of CLINTON website HillaryClintoncom and CLINTON has turned it into a fact checker,61,18,5,4,2,0,0,0,Fact,Fact,2,0.548753121,0.048303068,0.402943811,0.009279,0,-0.053816458,-0.045865354,0,0.068097615,0,-0.007722104,0,0,0,0,0,-0.053816458,0,-0.017367574,0,0,-0.037202433,0,0,0,0,0,0,0,0,0,0,0,0,0,0,0,0,0,0,0,0,0,0,0
82,she was Latina,69,6,0,1,0,0,0,0,Fact,Value,2,0.175808219,0.01924126,0.804950521,0.126807,-0.018505444,-0.084985093,-0.013803027,0,0,0,0,0,0,0,0,0,0,0,0,0,0,0,0,0,0,0,0,0,0,0,0,0,0,0,0,0,0,0,0,0,0,0,0,0,0
83,TRUMP did not support the war in Iraq,98,7,1,2,1,0,0,0,Fact,Fact,3,0.77863986,0.042166349,0.179193791,0.016921,-0.017640732,-0.089164624,-0.020747985,0.096110521,0,-0.089291722,-0.014524895,0,0,0,0,0,0,0,0,0,0,0,0,0,0,0,0,0,0,0,0,0,0,0,0,0,0,0,0,0,0,0,0,0,0
84,TRUMP supported the invasion of Iraq,21,9,1,2,1,0,0,0,Fact,Fact,1,0.584199523,0.038789863,0.377010614,0.00031,-0.013330771,-0.026443873,0.000146819,-0.018084383,-0.007767215,0.009544311,0,0,0,0,0,0,0,0,0,0,0,0,0,0,0,0,0,0,0,0,0,0,0,0,0,0,0,0,0,0,0,0,0,0,0
85,we need to have smart fair trade deals,152,5,2,0,1,2,0,0,Policy,Policy,4,0.046623812,0.589489462,0.363886726,0.061744,0,0.089910503,0.031152886,0.023394866,-0.156504232,0.290358388,0.043532578,0,0,0,0,0,0,0,0,0,0,0,0,0,0,0,0,0,0,0,0,0,0,0,0,0,0,0,0,0,0,0,0,0,0
86,once OBAMA and CLINTON got in Iraq the way they got out was a disaster,56,8,2,3,2,0,0,0,Value,Value,1,0.303980206,0.035507967,0.660511827,0.003098,-0.014132618,-0.014685442,0,0,0.021829916,0,0,0,0.01161391,0,0.021829916,0,-0.040092924,0,-0.009643919,0,0,0,0,0,0,0,0,0,0,0,0,0,0,0,0,0,0,0,0,0,0,0,0,0,0
87,USA need to go after Baghdadi as well,40,8,0,2,2,0,0,0,Policy,Policy,1,0.038162197,0.684503173,0.27733463,0.255346,0,0.078988629,0,0.067768075,0.066892134,0.285819147,-0.083650863,-0.050851896,0,0,0,0,0,0,0,0,0,0,0,0,0,0,0,0,0,0,0,0,0,0,0,0,0,0,0,0,0,0,0,0,0
88,the only way that American troops could have stayed in Iraq is to get an agreement from the then Iraqi government that would have protected the US troops,29,10,5,2,4,3,0,2,Value,Value,2,0.351917796,0.095548319,0.552533885,0.598834,0,0,0,0,0,0,0,0.018692234,0,0,0,-0.017472955,0,0.022899969,0,-0.021197924,0.014963572,0,-0.030957475,0,0,0,0,0.018692234,0,0,0,0,0,0,0,0,0,0,0,0,0,0,0,0,0
89,it really a shame that we could have rebuilt our country twice if we havent spent 6 trillion in the Middle East,68,8,2,2,3,0,2,1,Value,Policy,2,0.40291577,0.361263828,0.235820402,0.032468,-0.048893637,-0.051697933,0,0,0,0,0,0,0.175383039,0,0,0.087136681,-0.057638568,0,0,0.060036995,0,0,0,0,0,0,0,0,0,0,0,0,0,0,0,0,0,0,0,0,0,0,0,0,0
90,CLINTON also wants to see more companies do profit sharing,47,9,3,1,2,1,0,0,Value,Policy,0,0.102136779,0.455612359,0.442250863,0.035456,-0.033307548,0.058569164,0.206580382,0,0,0,0.064819177,0.037858315,-0.099175004,0,0,0,0,0,0,0,0,0,0,0,0,0,0,0,0,0,0,0,0,0,0,0,0,0,0,0,0,0,0,0,0
91,TRUMP used to have fights with HANNITY,56,7,2,1,1,0,0,0,Fact,Fact,2,0.898261645,0.032048785,0.069689569,0.075661,-0.013550569,-0.04491434,0.015550644,0.015229214,-0.010828616,0,-0.051463258,0,0,0,0,0,0,0,0,0,0,0,0,0,0,0,0,0,0,0,0,0,0,0,0,0,0,0,0,0,0,0,0,0,0
92,often determines where people live,72,10,1,0,2,0,0,0,Fact,Value,5,0.278789221,0.217494237,0.503716543,0.023147,-0.000139153,-0.056257038,-0.165303458,0.011993867,0.220666501,0,0,0,0,0,0,0,0,0,0,0,0,0,0,0,0,0,0,0,0,0,0,0,0,0,0,0,0,0,0,0,0,0,0,0,0
93,The record does not show that,43,6,1,0,1,0,0,0,Fact,Value,1,0.156741145,0.01438294,0.828875916,0.195307,-0.019808628,-0.007258735,-0.016256127,-0.009731303,-0.000851646,-0.001390226,0,0,0,0,0,0,0,0,0,0,0,0,0,0,0,0,0,0,0,0,0,0,0,0,0,0,0,0,0,0,0,0,0,0,0
94,we are 5 percent of the world population we have to trade with the other 95 percent,44,10,4,0,1,1,2,0,Fact,Fact,1,0.803000259,0.045056215,0.151943526,0.083039,0.028101966,-0.030619477,0,-0.091845203,0,0,0,0,0.028101966,0.013582421,0.014409415,0,0,0,-0.026570579,0,-0.091845203,0,0,0,0,0,0,0,0,0,0,0,0,0,0,0,0,0,0,0,0,0,0,0,0
95,CLINTON gets Madison Avenue into a room,29,7,1,3,1,0,0,0,Value,Fact,1,0.839091887,0.064354878,0.096553235,0.003959,0.001518139,-0.066091441,0.000256417,8.28E-05,0.003473445,0.000575408,0,0,0,0,0,0,0,0,0,0,0,0,0,0,0,0,0,0,0,0,0,0,0,0,0,0,0,0,0,0,0,0,0,0,0
96,they are very very upset with what their politicians have told them and what their politicians have done,92,11,2,0,2,1,0,0,Fact,Fact,3,0.509005727,0.046640834,0.444353439,0.023564,0,-0.018399291,0.016488961,0.016488961,0,0,-0.027206235,0.012739767,-0.068795636,0.016861739,0,0,0,-0.027206235,0.012739767,-0.068795636,0.016861739,0,0,0,0,0,0,0,0,0,0,0,0,0,0,0,0,0,0,0,0,0,0,0,0
97,TRUMP doesnt care if other nations got nuclear weapons Japan South Korea even Saudi Arabia,38,8,2,6,2,2,0,0,Value,Value,0,0.112892753,0.403587465,0.483519782,0.027299,0,0,0,0,0,0,0,0,-0.135156228,0.120328539,0.188995351,0,-0.074292865,0.065577445,0.065458011,0,0,0,0,0,0,0,0,0,0,0,0,0,0,0,0,0,0,0,0,0,0,0,0,0,0
98,right now it getting tougher and tougher to defeat ISIS,118,7,0,1,2,2,0,0,Value,Value,3,0.094494694,0.116374054,0.789131252,0.025736,-0.146150678,-0.164295556,-0.054848541,0,0,0,0,0.021208197,0.180942987,0.046333286,0,0,0,0,0,0,0,0,0,0,0,0,0,0,0,0,0,0,0,0,0,0,0,0,0,0,0,0,0,0,0
99,there a lot that we should be proud of and we should be supporting and lifting up,62,10,1,0,4,1,0,2,Policy,Value,1,0.046569102,0.311470328,0.64196057,0.073152,-0.17683877,0,-0.131758224,0,0.02563458,0.20928742,0.031099613,0.136209507,0,0,0.02563458,0.20928742,0.031099613,0,0,0,0,0,0,0,0,0,0,0,0,0,0,0,0,0,0,0,0,0,0,0,0,0,0,0,0
100,CLINTON cant do what she is looking to do with 20 trillion in debt,195,8,1,1,2,0,2,1,Fact,Fact,8,0.475149514,0.106677361,0.418173125,0.980104,0,0,0.047327838,-0.032811979,0,-0.0259828,0,0.0163537,0.047327838,0,-0.020789068,0,0,0.018162591,0,0,0,0,0,0,0,0,0,0,0,0,0,0,0,0,0,0,0,0,0,0,0,0,0,0,0
101,this country ca nt afford to have another four years of that kind of experience,38,10,4,0,2,0,1,1,Value,Value,2,0.161566718,0.044734975,0.793698307,0.022475,0,0,0.030201119,0,0,0,0,0.018600505,0.011091504,-0.044849762,0,0,-0.037925162,0,-0.028722582,0,0,0,0,0,0,0,0,0,0,0,0,0,0,0,0,0,0,0,0,0,0,0,0,0,0
102,TRUMP built some of the greatest real etate assets beyond the United States in Europe lots of different places,66,9,3,4,1,4,0,0,Fact,Fact,2,0.466107552,0.16470061,0.369191838,0.038614,0,-0.079332054,-0.093931719,0,0,0,0,0,0,0,0,0.08410431,0.084948558,0,0.1157805,0,0,-0.08850387,0,0,0,0,0,0,0,0,0,0,0,0,0,0,0,0,0,0,0,0,0,0,0
103,the financial disclosure statements dont give the tax rate,71,10,4,0,1,1,0,0,Fact,Fact,2,0.74608273,0.188994175,0.064923095,0.038183,-0.008638211,0.101503024,0.19235581,0,0,-0.087238886,-0.008638211,-0.175263626,-0.086857457,0,0,0,0,0,0,0,0,0,0,0,0,0,0,0,0,0,0,0,0,0,0,0,0,0,0,0,0,0,0,0,0
104,It went before a judge who was a very against police judge,102,7,3,0,1,0,0,0,Value,Fact,2,0.893467037,0.013388498,0.093144464,0.096646,-0.019240774,-0.008003943,-0.007414784,0,0,0.008512687,-0.022280324,0,0,-0.019277815,0,0,0,0,0,0,0,0,0,0,0,0,0,0,0,0,0,0,0,0,0,0,0,0,0,0,0,0,0,0,0
105,TRUMP would go against TRUMPLAWYERS if CLINTON releases CLINTON e mails,45,13,2,3,3,0,0,1,Fact,Fact,2,0.266082616,0.217608455,0.516308929,0.001811,-0.040865345,0,0.064778972,-0.164341484,0,-0.064416622,-0.041002725,0,-0.041002725,0,0.23866707,0,0,0,0,0,0,0,0,0,0,0,0,0,0,0,0,0,0,0,0,0,0,0,0,0,0,0,0,0,0
106,stop and frisk was ruled unconstitutional in New York,50,16,1,2,2,1,0,0,Fact,Value,0,0.452370208,0.009729728,0.537900064,0.115682,0.005475397,0,-0.015513635,-0.022109397,0.006447542,0,0,-0.014741948,-0.011126088,0,0,0,0,0,0,0,0,0,0,0,0,0,0,0,0,0,0,0,0,0,0,0,0,0,0,0,0,0,0,0,0
107,no one disagrees with keeping neighborhoods safe,70,13,2,0,2,1,0,0,Value,Fact,3,0.795299541,0.083070237,0.121630222,0.006423,-0.043324768,-0.016502202,-0.001467862,-0.000252977,-0.062300537,0.06577501,0,0,0,0,0,0,0,0,0,0,0,0,0,0,0,0,0,0,0,0,0,0,0,0,0,0,0,0,0,0,0,0,0,0,0
108,we re putting a lot of people out of work,42,7,3,0,1,0,0,0,Value,Fact,0,0.669357732,0.05644137,0.274200898,0.003725,0.015581577,0,-0.012593,0,-0.047864151,-0.015309115,0,-0.015685915,-0.015309115,0.021343477,0,0,0,0,0,0,0,0,0,0,0,0,0,0,0,0,0,0,0,0,0,0,0,0,0,0,0,0,0,0,0
109,if CLINTON wants to change the laws she can change the laws,62,7,2,1,4,0,0,1,Value,Fact,2,0.484972632,0.169715569,0.345311799,0.020923,-0.043437243,-0.010684582,0.130378362,0.02028715,0,0,-0.056236459,-0.035267882,0,0,0,-0.056236459,0,0,0,0,0,0,0,0,0,0,0,0,0,0,0,0,0,0,0,0,0,0,0,0,0,0,0,0,0
110,the reason TRUMP says that is not in a braggadocios way,66,12,3,1,1,0,0,0,Value,Value,3,0.307747539,0.038616796,0.653635665,0.014848,0,-0.015929165,-0.011523451,0,0,-0.017294357,-0.014781231,-0.007795313,0,0,0.022961469,0,0,0,0,0,0,0,0,0,0,0,0,0,0,0,0,0,0,0,0,0,0,0,0,0,0,0,0,0,0
111,TRUMP owes the audience the answers to that questions,38,9,3,1,1,0,0,0,Value,Policy,2,0.281674537,0.570806254,0.147519209,0.137991,-0.064453433,-0.16859252,-0.03341345,0,-0.03341345,0.314618545,0.039761366,0,0.260706449,0,0,0,0,0,0,0,0,0,0,0,0,0,0,0,0,0,0,0,0,0,0,0,0,0,0,0,0,0,0,0,0
112,they re using our country as a piggy bank to rebuild China,42,7,3,1,2,0,0,0,Value,Value,2,0.257288794,0.226039108,0.516672098,0.222737,-0.044235112,-0.02878653,0.175530113,0,-0.04409741,-0.039913965,0,0,0,0.024359458,0,0,0,0,0,0,0,0,0,0,0,0,0,0,0,0,0,0,0,0,0,0,0,0,0,0,0,0,0,0,0
113,CLINTON could make the agreements better,121,10,1,1,2,0,0,1,Value,Value,2,0.023597688,0.192932621,0.783469691,0.750659,-0.035889136,-0.122641657,0.131090232,-0.001880564,0.001147006,0.017900164,0,0,0,0,0,0,0,0,0,0,0,0,0,0,0,0,0,0,0,0,0,0,0,0,0,0,0,0,0,0,0,0,0,0,0
114,CLINTON spent hundreds of millions of dollars on an advertising,77,11,4,1,1,0,0,0,Fact,Fact,2,0.718670166,0.160007255,0.121322578,0.01834,0.002087823,0.05830682,0.000976955,-0.046544589,0,-0.046544589,0,0.025917897,-0.029173673,0,0,0,0,0,0,0,0,0,0,0,0,0,0,0,0,0,0,0,0,0,0,0,0,0,0,0,0,0,0,0,0
115,TRUMP agrees with CLINTON that one needs better relationships,75,13,1,2,2,1,0,0,Value,Value,4,0.009140978,0.029466615,0.961392408,0.029094,-0.011286084,0,0,-0.005362273,0,-0.016056124,-0.018838211,0.01100007,-0.027824803,0,0,0,0,0,0,0,0,0,0,0,0,0,0,0,0,0,0,0,0,0,0,0,0,0,0,0,0,0,0,0,0
116,it politicians like CLINTON that have caused this problem,43,11,3,0,1,0,0,0,Value,Value,1,0.169112248,0.035425873,0.795461879,0.002295,-0.018634831,-0.039589708,-0.044371178,0,0,0.009055307,0.025754117,0,0.017363637,0,0,0,0,0,0,0,0,0,0,0,0,0,0,0,0,0,0,0,0,0,0,0,0,0,0,0,0,0,0,0,0
117,that what it is,90,6,0,0,0,0,0,0,Fact,Value,2,0.166429141,0.019886545,0.813684315,0.048694,-0.001608384,-0.018955151,-0.020747226,-0.021605242,0,0,0,0,0,0,0,0,0,0,0,0,0,0,0,0,0,0,0,0,0,0,0,0,0,0,0,0,0,0,0,0,0,0,0,0,0
118,the worst of all things has happened,70,8,1,0,1,1,0,0,Value,Fact,3,0.521285805,0.062733918,0.415980277,0.027366,0,-0.040636782,-0.010631789,0.013889721,0.018011104,-0.046697237,0.014285135,0,0,0,0,0,0,0,0,0,0,0,0,0,0,0,0,0,0,0,0,0,0,0,0,0,0,0,0,0,0,0,0,0,0
119,African American within the inner cities has been so badly treated,55,8,1,1,1,2,0,0,Value,Value,2,0.076525255,0.056630362,0.866844383,0.006705,-0.048172285,0,0.062817251,0,0,0.033192711,-0.044314901,-0.072190986,-0.035397887,0,0,0,0,0,0,0,0,0,0,0,0,0,0,0,0,0,0,0,0,0,0,0,0,0,0,0,0,0,0,0,0
120,that a lot of new economic activity,38,8,2,0,0,2,0,0,Value,Value,1,0.207004257,0.063575541,0.729420202,0.0265,-0.006130669,-0.000652456,-0.076419009,-0.013645356,0.03221845,0,0.005330243,0,0,0,0,0,0,0,0,0,0,0,0,0,0,0,0,0,0,0,0,0,0,0,0,0,0,0,0,0,0,0,0,0,0
121,there are different views about what good for our country our economy and our leadership in the world,44,10,5,0,0,2,0,0,Fact,Value,2,0.176860361,0.026400469,0.79673917,0.003142,-0.033160177,0,-0.024903836,0,0,-0.013853886,-0.018459373,0,0.023886686,0,0.023886686,0,0,0.023886686,0.012451829,0,0,0,0,0,0,0,0,0,0,0,0,0,0,0,0,0,0,0,0,0,0,0,0,0,0
122,NRA are very very good people,47,6,1,1,0,1,0,0,Value,Value,2,0.103088581,0.057372957,0.839538462,0.001862,-0.014970283,-0.026371793,0.023489762,0.023489762,-0.045007201,0.013593109,0,0,0,0,0,0,0,0,0,0,0,0,0,0,0,0,0,0,0,0,0,0,0,0,0,0,0,0,0,0,0,0,0,0,0
123,we have to make this the top priority,44,8,1,0,1,1,0,0,Policy,Value,1,0.026819578,0.329234938,0.643945485,0.000736,0.030648351,0.028124794,0.035718921,0.14546358,-0.105295639,0,-0.026328091,0,0,0,0,0,0,0,0,0,0,0,0,0,0,0,0,0,0,0,0,0,0,0,0,0,0,0,0,0,0,0,0,0,0
124,We have to restore trust,36,7,1,0,1,0,0,0,Policy,Policy,1,0.046001895,0.889529175,0.06446893,0.003943,0.066966766,0.026502313,0.034243926,0.218352747,0.216164564,0,0,0,0,0,0,0,0,0,0,0,0,0,0,0,0,0,0,0,0,0,0,0,0,0,0,0,0,0,0,0,0,0,0,0,0
125,Iran has power over North Korea,47,5,1,3,0,0,0,0,Value,Value,0,0.308071996,0.06921485,0.622713154,0.000843,-0.016289465,-0.052767895,0.004057883,-0.084659343,0.026339756,0.050825534,0,0,0,0,0,0,0,0,0,0,0,0,0,0,0,0,0,0,0,0,0,0,0,0,0,0,0,0,0,0,0,0,0,0,0
126,it has worked,49,6,0,0,1,0,0,0,Value,Value,2,0.051711556,0.010734517,0.937553927,0.007581,-0.011511313,-0.022042004,-0.015970709,0,0,0,0,0,0,0,0,0,0,0,0,0,0,0,0,0,0,0,0,0,0,0,0,0,0,0,0,0,0,0,0,0,0,0,0,0,0
127,PUTIN is playing a really tough long game here,75,7,1,1,1,2,0,0,Value,Value,3,0.201418322,0.152164652,0.646417026,0.094727,0.043019104,-0.047895177,0,0,-0.071038627,0.09912952,-0.048006405,0,0.025616789,0,0,0,0,0,0,0,0,0,0,0,0,0,0,0,0,0,0,0,0,0,0,0,0,0,0,0,0,0,0,0,0
128,TRUMP did a great job and a great service not only for the country but even for the president in getting OBAMA to produce OBAMA birth certificate,24,11,6,3,2,2,0,0,Value,Value,0,0.133712362,0.021692305,0.844595333,0.000611,0,-0.017496671,0,0.014390273,0,0,0,0.014390273,0,0,0,0,0,0,-0.011091864,-0.006284368,0,0,-0.014458352,0,0,-0.01420881,0,0,-0.01420881,0,0,0,0,0,0,0,0,0,0,0,0,0,0,0,0
129,TRUMP even at one time suggested that he would try to negotiate down the national debt of the United States,34,9,2,3,4,1,1,1,Fact,Policy,0,0.291467552,0.456403731,0.252128718,0.008085,0,-0.078107222,0,0,0,0,0,-0.151893283,0,0.096234581,0,0,0,0,0.153273079,0,0,0,0.130101353,0.129739769,0,0,0,0,0,0,0,0,0,0,0,0,0,0,0,0,0,0,0,0,0
130,TRUMP has a tremendous income,9,10,1,1,0,1,0,0,Value,Value,0,0.174444817,0.012067773,0.813487409,5.10E-05,-0.006802878,-0.017787663,-0.000760258,-0.014327104,-0.005280702,0,0,0,0,0,0,0,0,0,0,0,0,0,0,0,0,0,0,0,0,0,0,0,0,0,0,0,0,0,0,0,0,0,0,0,0
131,it was more than a mistake to use private e mail,51,7,3,0,1,2,0,0,Value,Value,2,0.174237973,0.213086788,0.61267524,0.005118,-0.060366449,-0.173175317,0,-0.036705238,0,-0.090292839,0,0.207105012,0.129630741,0,0,0,0,0,0,0,0,0,0,0,0,0,0,0,0,0,0,0,0,0,0,0,0,0,0,0,0,0,0,0,0
132,TRUMP is very proud of the endorsement of the NRA,15,11,1,2,0,1,0,0,Value,Value,1,0.084577038,0.128821378,0.786601583,0.161329,-0.034359643,-0.051221432,0,0.134208387,-0.038756081,-0.00166333,0,-0.038756081,-0.00166333,-0.058774596,0,0,0,0,0,0,0,0,0,0,0,0,0,0,0,0,0,0,0,0,0,0,0,0,0,0,0,0,0,0,0
133,USA military is assisting in Iraq,18,9,1,2,1,0,0,0,Fact,Fact,0,0.565300452,0.057355763,0.377343786,0.002578,0.028094157,-0.05349839,-0.030325147,-0.000909272,-0.016746082,0.008522875,0,0,0,0,0,0,0,0,0,0,0,0,0,0,0,0,0,0,0,0,0,0,0,0,0,0,0,0,0,0,0,0,0,0,0
134,With the United States as he said not so much,54,6,0,2,1,1,0,0,Fact,Fact,0,0.558369388,0.10406108,0.337569532,0.00285,0,0,0.102585488,0.103245972,0,-0.106157682,-0.09279009,-0.030165119,-0.059432717,0,0,0,0,0,0,0,0,0,0,0,0,0,0,0,0,0,0,0,0,0,0,0,0,0,0,0,0,0,0,0,0
135,you can see that,80,4,0,0,2,0,0,1,Value,Fact,4,0.468734734,0.09485305,0.436412217,0.038875,-0.032778005,0.003911956,0.006780198,-0.004538263,0,0,0,0,0,0,0,0,0,0,0,0,0,0,0,0,0,0,0,0,0,0,0,0,0,0,0,0,0,0,0,0,0,0,0,0,0
136,we have a country that doing so badly,26,7,1,0,1,0,0,0,Value,Value,2,0.219326807,0.053845543,0.72682765,0.003772,0.020534913,0.020951551,0,-0.027794879,-0.008872377,-0.029605919,-0.059120674,0,0,0,0,0,0,0,0,0,0,0,0,0,0,0,0,0,0,0,0,0,0,0,0,0,0,0,0,0,0,0,0,0,0
137,more endorsements are coming next week,79,12,2,0,1,2,0,0,Fact,Fact,2,0.894728622,0.02305951,0.082211868,0.07461,-0.00078619,0.001325981,-0.017256374,-0.025388729,-0.00558937,-0.012120892,0,0,0,0,0,0,0,0,0,0,0,0,0,0,0,0,0,0,0,0,0,0,0,0,0,0,0,0,0,0,0,0,0,0,0
138,the Trump International is way ahead of schedule,50,13,1,2,0,0,0,0,Fact,Fact,2,0.819268097,0.045365507,0.135366395,0.008664,0,-0.035714779,-0.011856805,-0.017986991,0.014947667,0.000320869,-0.008814124,0,0,0,0,0,0,0,0,0,0,0,0,0,0,0,0,0,0,0,0,0,0,0,0,0,0,0,0,0,0,0,0,0,0
139,CLINTON has a very robust set of plans,32,7,2,1,0,1,0,0,Value,Value,0,0.08317154,0.054710706,0.862117754,0.026962,-0.007162104,-0.052643052,0,0.006498814,0,-0.006260112,-0.010350792,0.010608633,0,0,0,0,0,0,0,0,0,0,0,0,0,0,0,0,0,0,0,0,0,0,0,0,0,0,0,0,0,0,0,0,0
140,maybe TRUMP doesnt want the American people and all people watching tonight to know that he paid nothing in federal taxes,24,8,4,1,4,2,0,0,Value,Value,1,0.450832493,0.030281372,0.518886136,0.000495,-0.013359933,0,0,0,0,0,0,0,0,0,0,0,0,0,0,-0.027788494,0.022316543,-0.011846237,0,-0.020970893,-0.026499738,0,0,0,0,0,0,0,0,0,0,0,0,0,0,0,0,0,0,0,0
141,one needs a better community,89,9,1,0,1,1,0,0,Value,Value,3,0.02692107,0.042828906,0.930250024,0.018605,-0.027320421,-0.029094665,-0.001331784,0.022169221,-0.044444057,0,0,0,0,0,0,0,0,0,0,0,0,0,0,0,0,0,0,0,0,0,0,0,0,0,0,0,0,0,0,0,0,0,0,0,0
142,what they re doing is they re leaving our country,56,7,1,0,2,0,0,0,Fact,Fact,3,0.681225874,0.030735927,0.288038199,0.00139,-0.010844162,-0.015052428,0,-0.008481592,-0.010244959,-0.015052428,0,-0.004888889,0.008361647,0,0,0,0,0,0,0,0,0,0,0,0,0,0,0,0,0,0,0,0,0,0,0,0,0,0,0,0,0,0,0,0
143,TRUMP was one of the people who rooted for the housing crisis,92,7,3,1,1,0,1,0,Value,Fact,3,0.651309441,0.036208924,0.312481635,0.209482,-0.010990728,-0.062374696,-0.010047448,-0.006284101,0,0.007504407,0.018988388,0,0,0,0,0,0,0,0,0,0,0,0,0,0,0,0,0,0,0,0,0,0,0,0,0,0,0,0,0,0,0,0,0,0
144,people future does depend on the election,21,8,3,0,1,0,0,0,Value,Value,0,0.220733504,0.296142641,0.483123855,0.000271,0.00886953,0.152603292,-0.160869411,0,0.016178018,-0.005119044,0.085600835,0,0,0,0,0,0,0,0,0,0,0,0,0,0,0,0,0,0,0,0,0,0,0,0,0,0,0,0,0,0,0,0,0,0
145,the best person in CLINTON campaign is mainstream media,34,10,4,1,0,1,0,0,Value,Value,1,0.038479445,0.061724141,0.899796414,0.05002,0,0.022656865,-0.025280436,0,0,0.01678347,-0.026512967,-0.018034875,-0.017625857,0,0,0,0,0,0,0,0,0,0,0,0,0,0,0,0,0,0,0,0,0,0,0,0,0,0,0,0,0,0,0,0
146,Japan Germany South Korea Saudi Arabia should be paying USA,24,8,0,7,2,0,0,1,Policy,Policy,2,0.005515254,0.959745206,0.03473954,0.001219,0.060413106,0.087973652,0.10758884,0.027647593,0.017982777,0,0.064277324,0,0,0,0,0,0,0,0,0,0,0,0,0,0,0,0,0,0,0,0,0,0,0,0,0,0,0,0,0,0,0,0,0,0
147,CLINTON is going to approve one of the biggest tax increases in history,187,9,3,1,2,1,1,0,Fact,Value,6,0.150879694,0.011329027,0.837791278,0.785327,0,-0.008212363,0,0.005353048,0,-0.006691645,-0.002995592,0,-0.014546006,-0.023082394,0,0,0,0,0,0,0,0,0,0,0,0,0,0,0,0,0,0,0,0,0,0,0,0,0,0,0,0,0,0,0
148,USA had sanctioned Iran,94,10,0,2,1,0,0,0,Fact,Fact,3,0.550015663,0.039515768,0.410468568,0.212554,0.024153336,-0.114064122,-0.004797858,-0.028855097,0,0,0,0,0,0,0,0,0,0,0,0,0,0,0,0,0,0,0,0,0,0,0,0,0,0,0,0,0,0,0,0,0,0,0,0,0
149,I happen to support that,73,7,0,0,2,0,0,0,Value,Policy,2,0.081012574,0.660139419,0.258848007,0.119692,0.001911476,0.025241925,0.044571874,0.448595342,-0.04191449,0,0,0,0,0,0,0,0,0,0,0,0,0,0,0,0,0,0,0,0,0,0,0,0,0,0,0,0,0,0,0,0,0,0,0,0
150,CLINTON believes strongly that commonsense gun safety measures would assist,25,11,4,1,3,0,0,1,Value,Value,1,0.096987164,0.120124547,0.782888289,0.007677,-0.013411981,-0.0072883,0,-0.010569971,0,0.047182638,-0.029196048,0,-0.004481875,0,0,0,0,0,0,0,0,0,0,0,0,0,0,0,0,0,0,0,0,0,0,0,0,0,0,0,0,0,0,0,0
151,it also could be somebody sitting on their bed that weighs 400 pounds,53,8,2,0,3,0,1,1,Value,Value,1,0.250075833,0.145453004,0.604471163,0.043083,-0.042104162,0.055735843,-0.038862287,0.02838868,0,0,0,0.017350241,-0.016481842,0,0,0,0,0,0,0,0,0,0,0,0,0,0,0,0,0,0,0,0,0,0,0,0,0,0,0,0,0,0,0,0
152,Under CLINTON direction to a large extent,44,10,2,1,0,1,0,0,Fact,Value,2,0.298471241,0.102432218,0.599096541,0.016375,0.027310177,-0.010264877,0,0.023945011,-0.000241069,-0.066950015,-0.007956862,0,0,0,0,0,0,0,0,0,0,0,0,0,0,0,0,0,0,0,0,0,0,0,0,0,0,0,0,0,0,0,0,0,0
153,TRUMP asked KERRY why they didnt do anything with respect to Yemen and all these other places,48,8,2,3,1,1,0,0,Fact,Fact,1,0.354305006,0.56225285,0.083442144,0.079094,0,-0.105492465,-0.075137845,0,0,0,0,0.206128864,0,0.213293521,0,0.178636425,0,0,0,-0.093031927,0,0,0,0,0,0,0,0,0,0,0,0,0,0,0,0,0,0,0,0,0,0,0,0,0
154,it must be something really important even terrible that he trying to hide,48,9,0,0,3,2,0,1,Value,Value,1,0.022281906,0.013395651,0.964322443,0.079094,-0.009459408,0,0.007707699,0,-0.014786609,0,0,-0.015626731,0,-0.020171122,-0.016606798,0,0,0,0,0,0,0,0,0,0,0,0,0,0,0,0,0,0,0,0,0,0,0,0,0,0,0,0,0,0
155,all TRUMP said was that Japan Germany South Korea and Saudi Arabia may have to defend themselves or they have to help USA out,48,10,0,8,4,0,0,1,Policy,Policy,1,0.033812066,0.863391156,0.102796778,0.079094,0,0,0,-0.111506142,0,0.094037728,0.119211809,0.147861173,0,0,0,0,0,0,0,0.119842037,0,0,0,0,0,0.148090172,0,0,0,0,0,0,0,0,0,0,0,0,0,0,0,0,0,0,0
156,in fact TRUMP cavalier attitude about nuclear weapons is so deeply troubling,48,9,3,1,0,3,0,0,Value,Value,1,0.317574295,0.014273355,0.66815235,0.079094,0,-0.015149223,-0.005126122,0,0,0,0,-0.013108808,-0.00789978,-0.011292885,0,0.012587803,0,0,0,0,0,0,0,0,0,0,0,0,0,0,0,0,0,0,0,0,0,0,0,0,0,0,0,0,0